music_thumbnail_150x200.jpg,https://d1ngei8bv9kmtc.cloudfront.net/music_thumbnail_150x200.jpg
music.png,https://d1ngei8bv9kmtc.cloudfront.net/music.png
blue_fairy_thumbnail_150x200.jpg,https://d1ngei8bv9kmtc.cloudfront.net/blue_fairy_thumbnail_150x200.jpg
blue_fairy.png,https://d1ngei8bv9kmtc.cloudfront.net/blue_fairy.png
pink_princess_thumbnail_150x200.jpg,https://d1ngei8bv9kmtc.cloudfront.net/pink_princess_thumbnail_150x200.jpg
pink_princess.png,https://d1ngei8bv9kmtc.cloudfront.net/pink_princess.png
dragons_thumbnail_150x200.jpg,https://d1ngei8bv9kmtc.cloudfront.net/dragons_thumbnail_150x200.jpg
dragons.png,https://d1ngei8bv9kmtc.cloudfront.net/dragons.png
magic_thumbnail_150x200.jpg,https://d1ngei8bv9kmtc.cloudfront.net/magic_thumbnail_150x200.jpg
magic.png,https://d1ngei8bv9kmtc.cloudfront.net/magic.png
tea_party.png,https://d1ngei8bv9kmtc.cloudfront.net/tea_party.png
tea_party_thumbnail_150x200.jpg,https://d1ngei8bv9kmtc.cloudfront.net/tea_party_thumbnail_150x200.jpg
tea_party2.png,https://d1ngei8bv9kmtc.cloudfront.net/tea_party2.png
tea_party2_thumbnail_150x200.jpg,https://d1ngei8bv9kmtc.cloudfront.net/tea_party2_thumbnail_150x200.jpg
science_thumbnail_150x200.jpg,https://d1ngei8bv9kmtc.cloudfront.net/science_thumbnail_150x200.jpg
science.png,https://d1ngei8bv9kmtc.cloudfront.net/science.png
transformers_thumbnail_150x200.jpg,https://d1ngei8bv9kmtc.cloudfront.net/transformers_thumbnail_150x200.jpg
transformers.png,https://d1ngei8bv9kmtc.cloudfront.net/transformers.png